"Sequences", "Family"
">A0A0R4IP11|reviewed|Olfactory receptor class A-like protein 4|taxID:7955
MSEVLTVDAVLFGLLVFSGIIGNIMVIYVVFDCAKLCASRHLPPSDTILVHLCLANLLTSVFRTVPIFVSDLGLQVWLTA
GWCRVFMLLWVWWRAVGCWVTLALSAFHCATLRRQHVSMGPLGHSRERRRVWVVLAVVWAANLLFSLPALVYTTQVRGNA
TVELMVISCTTRPLLGCVWEFPTFQQGYAFASSSLALNEVLPLVLMVGTNLATLQALGKHIRTVRAGGSTGAELDRHVSS
ERKAGHVIMALVALFVGCWVLQVAAVTYYNHNRGAHAEGLLTVAHFSASLFVGFSPLVVALGHGKLRRRISGILQSCMHR
LKQTQDKPAEITEKDGRTTQSAMK","PF00001"
">A0A287A2K5|reviewed|Gastrin/cholecystokinin type B receptor|taxID:9823
MELLKLNRSLPGPGPGAALCRPEGPLLNGSGAGNLSCEPPRIRGAGTRELELAVRITLYAAIFLMSVAGNVLIIVVLGLS
RRLRTVTNAFLLSLAVSDLLLAVACMPFTLLPNLMGTFIFGTVVCKAVSYFMGVSVSVSTLSLVAIALERYSAICRPLQA
RVWQTRSHAARVIVATWMLSGLLMVPYPVYTAVQPAGPRVLQCMHRWPSARIRQTWSVLLLLLLFFVPGVVMAVAYGLIS
RELYLGLRFDGDSDCESQSQVGSQGGLPGGAGQGPAHPNGHCRSETRLAGEDGDGCYVQLPRSRPALEMSALTAPTPGPG
SGPRPAQAKLLAKKRVVRMLLVIVVLFFLCWLPVYSANTWRAFDGPGAHRALSGAPISFIHLLSYASACVNPLVYCFMHR
RFRQACLDTCARCCPRPPRARPRPLPDEDPPTPSIASLSRLSYTTISTLGPG","PF00001"
">A6QLU6|reviewed|Adhesion G-protein coupled receptor D1|taxID:9913
MKKLLPLCCWHSWLLLFYCDFQVRGAHTRSHVHPGFEVLASASHYWPLENVDGIHELQETTGASRTHNLTVLPSHNSTFV
YTNDSAYSNFSATVDIVEGKVNKGIYLKEGKGVTFLYYRKNKTSCISNPAQCGPEGVSFSFFWKTQGEQSTSIPSAYGGQ
VISNGFKVCSRGGKGSVELYTHNKSVTWEASFSPPGHYWTHVLFTWKSEEGLKVYVNGTLRTSDPSGKASPAYGESNDNL
VLDLTKSYENRAFDEFIIWERALTPDEIAMYFTAAIGEQLSLSSTPPSFSVTPTVNTMAPTNAYHPIITNLTEERKNFRR
PGVVLSYLQNMSLSLPNKSLSEETAFNLTKTFLNTVGEVLRLPSWTAVSEDSAVVPGLIDTIDTVMSHITYNLQASKPQV
AIVGSSSMADFSVAKVLPKTMNSSHYRFPARGQNYIEIPHEAFHSQAWTTIVGLLYHSVHYYLSNIQPASTKIAEAANYK
NCLLSATSYLISLEVSPTPKLSQNLSGSPLITVHLRHHLTQRQYTEATNESNRIFLYCAFLDFSSGEGIWSNQGCALTEG
NLSYSICRCTHLTNFAILMQVVPLELTRGHQVALSSISYIGCSLSVLCLAITLVTFAVLSSVSTIRNQRYHIHANLSCAV
LVAQVLLLISFRFEPGTAPCQVLAMLLHYFFLSAFAWMLVEGLHLYSMVIKVFGSEDSKHRYYYGIGWGFPLLICIISIV
FAMDSYGTSKNCWLSLGNGAIWAFVAPALFIIVVNIGILIAVTRVISQISAENYKIHGDPSAFKLTAKAVAVLLPILGTS
WVFGVLAVNNQAMVFQYMFAILNSLQGFFIFLFHCLLNSEVRAAFKHKTKVWSLTSSSSRQANVKPFSSDIMNGTRPATG
STRLSPWDKSSHSGHRVDLSAV","PF00002"
">A6QP74|reviewed|Calcitonin gene-related peptide type 1 receptor|taxID:9913
MEKKFFLSFLFLLPFFMILVIAESEEENPDDLIQLGVTRNKIMTAQYECYQKIMQDPVQQTEGIYCNRTWDGWLCWNDVA
AGTESMQHCPDYFQDFDPSEKVTKICDQDGNWFRHPASNRTWTNYTQCNVNTHEKVKTALNLFYLTIIGHVLSIASLLIS
LGIFFYFKSLSCQRITLHKNLFFSFVCNSVITIIHLTAVANNQALVATNPVSCKVSQFIHLYLMGCNYFWMLCEGIYLHT
LVVVAVFAEKQHLMWYYFLGWGFPLIPACIHAVARRLYYNDNCWISSDTQLLYIIHGPICAALLVNLFFLLNIVRVLITK
LKVTHQAESNLYMKAVRATLILVPLLGIEFVLIPWRPEGKIAEEIYDYIINILMHYQGLLVSTIFCFFNGEVQAILRRNW
NQYKIQFGNNFSHSDTLRSASYTVSTISDGTGYSHDCLSEHLNGKSIHDTDNVVIKPEKLYD","PF00002"
">A0A0D1CD96|reviewed|Endoplasmic reticulum chaperone BIP1|taxID:237631
MVLASRTTALAQRRKAARATGMSRPAFMTIIMAILALLTLSAFMSPASSAGGMGVAAAADKRSEYGTVIGIDLGTTYSCV
GAQVNGRVEIITNDQGNRITPSYVAFTPWGESDLKKDAKHLPFKLVEKNGKPAIQVTVNGEKKVFTPEEVSAMVLQKMKE
TAEAYLGHKVTHAVVTVPAYFNDAQRQATKDAGTIAGLNVLRIVNEPTAAAIAYGLDKKDGESQIIVYDLGGGTFDVSLL
SIDSGVFEVLATAGDTHLGGEDFDNRVSEYILKQFKKKTGLDASSNKRSVGKLKREVERAKRTLSSQMSTKIEIDGFFEG
NDLDETLTRAKFEELNMDLFRKTMKPVEQVLKDAGVKKDEIDDVVLVGGSTRIPKVQAMLKEYFGREPSKGINPDEAVAW
GAAVQGGVLAGDESLGDVVLIDVNPLTLGIETNGGVMTKLIPRNTVVPTKKSQIFSTAADNQNTVLIQVFEGERSMTKDN
NLLGKFELTGIPPAPRGTPQIEVTFELDANGIMKVSAADKGTGKSESITISNDKGRLTPEEIERMVAEAEEFAEQDEAVR
KRIEALNNLQNFIASLRSQLSDKEGLGGKLDKEDKETIKQSLKDAEAWLDENSQTAEGSDIEEQLSELQAAVAPITAKIY
QGGAAAGGDDEPLNYGHDEL","PF00012"
">A0A509AJG0|reviewed|Endoplasmic reticulum chaperone BIP|taxID:5823
MGNSKAFVLVLFVSLLKFISAVDPAIEGPIIGIDLGTTYSCVGVFKNGRVEILNNDLGNRITPSYVSFVDGERKVGEAAK
LEATLHPTQTVFDVKRLIGRKFDDKEVAKDRTLLPYEIVNNEGKPNIRVQIKDKPTTFAPEQISAMVLEKMKEIAQSFLG
KPVKNAVVTVPAYFNDAQRQATKDAGAIAGLNIVRIINEPTAAALAYGLDKKEETSILVYDLGGGTFDVSILVIDNGVFE
VYATAGNTHLGGEDFDQRVMDYFIKMFKKKNNIDLRSDKRAIQKLRKEVEIAKRNLSVVHSTQIEIEDIIEGHNFSETLT
RAKFEELNDDLFRETLEPVKKVLDDAKYEKSKIDEIVLVGGSTRIPKIQQIIKDFFNGKEPNRGINPDEAVAYGAAIQAG
IILGEELQDVVLLDVTPLTLGIETVGGIMTQLIKRNTVIPTKKSQTFSTYQDNQPAVLIQVFEGERALTKDNHLLGKFEL
SGIPPAQRGVPKIEVTFTVDKNGILHVEAEDKGTGKSKGITITNDKGRLSKEQIEKMINDAEKFADEDKNLREKVESKNN
LDNYIQSMKATVEDKDKLADKIEKEDKDTILNTIKEAEDWLNNNSNADSEALKQKLKEVEAICQPIIVKLYGQPGANTPP
PGDEDVDSDEL","PF00012"
">A5F389|reviewed|Toxin coregulated pilus biosynthesis protein I|taxID:345073
MIKKIISVFLLLACIITSAFTAFFYHSKLSDQTKSISSLSSQQAQERLQSYQDSLDFYKKLNISLSVAIANSLRDKAVEE
LNAIALRIQENHGFIGVTFASLDGTMFTDIGTLDWNAKTLRRDWFVKTVELGTKHYTAFDIDKTTGQHVLTIATPVYVGN
DIVGSVALDIAGDQIASPNGSGMFMMTDRNFNVFASDLTHSTLIGKDLTKEKPLFKNLVSGQYVTFSDADSHWFAVSQTE
IDGENKLFTIIDIQQIVQTYKRDIQLIIAGFSGFSCVMLIGLYWVLSKELSGVRQIREWILSLSDGQIKERRPIKFHNEL
DTIAQSLENLQFRLLDVVRNSHRTMNDLSIKQTDITYSIEGNTNNSQQELGLIEQVATATTQLSCTSFDVMQQAQSAELN
AETAQKLIAESHDIIDSSSKQTEMVTLSIHESQQIINQLREFSDNISSVTDVINNISDQTNLLALNAAIEAARAGEQGRG
FAVVADEVRSLAVKTQQSTIDIQGIILKLQEQSQLADQVMTRNVSLIHETQVANRALIASFNLISDKVLEISNINSIVST
AANEQKIVTEDVAKQMEDIRYLVQENLSAMERTKQANQNISDLTTNLNDALSFFKIELTS","PF00015"
">A5W2C8|reviewed|Methyl-accepting chemotaxis protein PcaY|taxID:351746
MLANLKIRTGMFWVLSLFSLTLLFSTASAWWAAVGSDQQITELDQTAHQSDRLNNALLMAIRSSANVSSGFIEQLGGHDE
SAGKRMALSVELNNKSQTLVDEFVENAREPALRVLATELQATFAEYAKAVAGQREATRQRSLEQYFKVNSDAGNAMGRLQ
TLRQQLVTTLSERGQQIMLESDRRLARAQLLSLCLLGMTVVLAVLCWAFIAQRVLHPLREAGGHFRRIASGDLSVPVQGQ
GNNEIGQLFHELQRMQQSQRDTLGQINNCARQLDAAASALNAVTEESANNLRQQGQELEQAATAVTEMTTAVEEVARNAI
TTSQTTSESNQLAAQSRRQVSENIDGTEAMTREIQTSSAHLQQLVGQVRDIGKVLEVIRSVSEQTNLLALNAAIEAARAG
EAGRGFAVVADEVRTLAYRTQQSTQEIEQMIGSVQAGTEAAVASMQASTNRAQSTLDVTLASGQVLEGIYSAIGEINERN
LVIASAAEEQAQVAREVDRNLLNIRELSNHSAAGAQQTSEASKALSGLVGEMTALVGRFKV","PF00015"
">A0A1L8EV45|reviewed|Actin-related protein 3-B|taxID:8355
MAARLPACVVDCGTGYTKLGYAGNTEPQFIIPSCIAIKESAKVGDQAQRRLMKGVDDLDFHIGDEAIDKPTYATKWPIRH
GIVEDWDLMERFMEQVIFKYLRAEPEDHYFLLTEPPLNTPENREYTAEIMFESFNVPGLYIAVQAVLALAASWTSRQVGE
RTLTGTVIDSGDGVTHVIPVAEGYVIGSCIKHIPIAGRDITYFTQQLLRDREVGIPPEQSLETAKAVKERFSYVCPDLVK
EFSKYDTDGAKWIKQYTGVNAVSKKEFSIDVGYERFLGPEIFFHPEFANPDFTQPISEVVDEVIQNCPIDVRRPLYKNIV
LSGGSTMFRDFGRRLQRDVKRTVDARLKLSEELSGGRLKPKPIDVQVITHHMQRYAVWFGGSMLASTPEFYQVCHTKKDY
EEIGPSICRHNPVFGVMS","PF00022"
">A2AKE7|reviewed|Actin-like protein 10|taxID:10090
MKPRIVLKSSSLMPSWDRPVLPGAPGCELAGGVARAHPIKHGVVVDWDALEGLWERLMVGGLQVHPEQWPVLVSDSPSAP
PKGREKVAELLFEALTVPACHMANTALLALCSIGAFSGLAVEAGAGVCHATPIYAGHSWHKATFRLNVAGSTLSRYFRDL
LVAACPDLQLQGLSRKTVTQLKKRCCYVSLDFQGDICDPARHQRACFCLGNGCYVRLGSERFRCPEPIFQPSLLGHPEPG
LPTLAFQALQKIPTTLRTRLANTVVLAGGSTLFPGFVERMNLELEAQCRRHGYPALQPCLVAHPGRDTAVWTGGSMMASL
NSFQCRWMTRAMYQEHGPLLVRDVFD","PF00022"
">A0A0L7K812|reviewed|Plasmepsin V|taxID:137071
MNNYFLRKENFFILFCFVFVSIFFVSNVTIIKCNNVENKIDNVGKKIENVGKKIGDMENKNDNVENKNDNVENKNDNVGN
KNDNVKNASSDLYKYKLYGDIDEYAYYFLDIDIGKPSQRISLILDTGSSSLSFPCNGCKDCGIHMEKPYNLNYSKTSSIL
YCNKSNCPYGLKCVGNKCEYLQSYCEGSQIYGFYFSDIVTLPSYNNKKKISFEKLMGCHMHEESLFLHQQATGVLGFSLT
KPNGVPTFVDLLFKHTPSLKPIYSICVSEHGGELIIGGYEPDYFLSNQKEKQKMDKSDNNSSNKGNVSIKLKNNDKNDDE
ENNSKDVIVSNNVEDIVWQAITRKYYYYIKIYGLDLYGTNIMDKKELDMLVDSGSTFTHIPENIYNQINYYLDILCIHDM
TNIYEINKRLKLTNESLNKPLVYFEDFKTALKNIIQNENLCIKIVDGVQCWKSLENLPNLYITLSNNYKMIWKPSSYLYK
KESFWCKGLEKQVNNKPILGLTFFKNKQVIFDLQQNQIAFIESKCPSNLTSSRPRTFNEYREKENIFLKVSYINLYCLWL
LLALTILLSLILYVRKMFYMDYFPLSDQNKSPIQEST","PF00026"
">A0A146F0J0|reviewed|Aspergillopepsin-1|taxID:1405805
MVNTSLLAALTAYAVAVAAAPTAPQVKGFSVNQVAVPKGVYRHPAAQLAKAYGKYHATVPTQVAAAAAATGSVTTNPTSN
DEEYITQVTVGDDTLGLDFDTGSADLWVFSSQTPSSERSGHDYYTPGSSAQKIDGATWSISYGDGSSASGDVYKDKVTVG
GVSYDSQAVESAEKVSSEFTQDTENDGLLGLAFSSINTVQPTPQKTFFDNVKSSLSEPIFAVALKHNAPGVYDFGYTDSS
KYTGSITYTDVDNSQGFWSFTADGYSIGSDSSSDSITGIADTGTTLLLLDDSIVDAYYEQVNGASYDSSQGGYVFPSSAS
LPDFSVTIGDYTATVPGEYISFADVGNGQTFGGIQSNSGIGFSIFGDVFLKSQYVVFDASGPRLGFAAQA","PF00026"
">A0A1J0M738|reviewed|Ionotropic receptor 75a|taxID:7238
MQLVQLANFVLDNLVQSRIGFIVLFHCWQSDESLKFAEQFMKPIHPILVYHQFVQMRGVLNWSHLELNYMGHTQPTLAIY
VDIKCDQAQDLLEEASREQIYNQHYHWLLVGNQSELEFNDLFALFNISIDADVSYVKEQIQDNNDSVAYAVYDVYNNGKI
IGGQLNVTGSHEMSCDPFKCRRTRYLSSLQKRSKYGNREQLTDVVLRVATVVTXRPLTLSDDELIRFLSQENDTHIDSLA
RFGFHLTLILRDLLYCKMKFIFSDSWSKSDVVGGSVGAVVDQTADLTASPSLATEGRLKYLSAIIETGFFRSVCIFRTPH
NAGLRGDVFLQPFSPLVWYLFGGVLSLIGVLLWITFYMECKRMQKRWRLDYLPSLLSTFLISFGAACIQSSSLIPRSAGG
RLIYFALFLISFIMYNYYTSVVVSSLLSSPVKSKIKTMQQLAESSLTVGLEPLPFTKSYLNYSRLPEIHLFIKRKIESQT
QNPELWLPAEQGVLRVKANPGYVYVFETSSGYAYVERYFTAQEICDLNEVLFRPEKLLYTHLHRNSTYKELFRLRFLRIL
ETGVYRKQRSYWVHMKLHCEAQNFVITVGMEYVAPLLLMLICADILVVVILLVELAWKRFFTRPLTIHP","PF00060"
">A0A1L8F5J9|reviewed|Glutamate receptor ionotropic, NMDA 1|taxID:8355
MGTMRLFLLAVLFLFSFARAGCDPKIVNIGAVLSTKKHEQIFREAVNQANKRHFTRKIQLNATSVTHRPNAIQMALSVCE
DLISSQVYAILVSHPPAPTDHLTPTPISYTAGFYRIPVIGLTTRMSIYSDKSIHLSFLRTVPPYSHQALVWFEMMRLFNW
NHVILIVSDDHEGRAAQKKLETLLEEKESKADKVLQFEPGTKNLTALLLEAKELEARVIILSASEDDATAVYKSAAMLDM
TGAGYVWLVGEREISGSALRYAPDGIIGLQLINGKNESAHISDAVAVVAQAIHELFEMENITDPPRGCVGNTNIWKTGPL
FKRVLMSSKYPDGVTGRIEFNEDGDRKFANYSIMNLQNRKLVQVGIFNGSYIIQNDRKIIWPGGETERPQGYQMSTRLKI
VTIHQEPFVYVRPTTSDGTCREEYTINGDPIKKVICNGPNETIPGRPTVPQCCYGFCVDLLIKLAREMNFTYEVHLVADG
KFGTQERVNNSNKKEWNGMMGELLSGQADMIVAPLTINNERAQYIEFSKPFKYQGLTILVKKEIPRSTLDSFMQPFQSTL
WLLVGLSVHVVAVMLYLLDRFSPFGRFKVNSEEEEEDALTLSSAMWFSWGVLLNSGIGEGAPRSFSARILGMVWAGFAMI
IVASYTANLAAFLVLDRPEERITGINDPRLRNPSDKFIYATVKQSSVDIYFRRQVELSTMYRHMEKHNYESAAEAIQAVR
DNKLHAFIWDSAVLEFEASQKCDLVTTGELFFRSGFGIGMRKDSPWKQNVSLNILKSHENGFMEELDKTWVRYQECDSRS
NAPATLTFENMAGVFMLVAGGIVAGIFLIFIEIAYKRHKDARRKQMQLAFAAVNVWRKNLQDRKSGRAEPDPKKKASFRS
ITSTLASSFKRRRSSKDTVNVVV","PF00060"
">A0A1Z2R986|reviewed|Endoglin|taxID:7955
MKSICCVLVLCLLLCRRSTASESICELKDVSGNSNDWIVLREKPLGCWTDFQTENGTEVHIINLEDNPSVFTVNLLKANK
SVVIFTSSSAQSSHAMLFDNPAVSIYVTNKTSLTFIHPTQKPLQILTAPPAGNVSAVLRWAAETFGGVTSVTNARNPKTI
TFTGVKGSQNSSRCELMPETPTEKPFIHLELNEPIEALKSCYMKHEGEKLHIINIPDGVTIRHVSVHLLSDCNVVLRGPA
GTHWIIKNSLRIGILSNNQIHLQSFPLRPRMAISDNPTDIRQKALSYFSSGFISSYSEIRLNVTNVELWITDYSISSAPT
EVEKTTPSPTSPPFPVQMQLFSSPDFTTPIDNNSRVLSDKRVYAEISSQTFREASIRVSSCWVRSTPVTREMPFREEPCF
IKDCPKRLSFSFQILQDLPAGSWDLECAVKLCGVKRINNEESCTSETPVKRNVQVKPFTPTTNSCFEFGLSAVLGIAFGG
FLIGVLLTGALWFIKIRTGHPVALGMRSTAAELSVLSISGCPCGLTKRQPVPTHPSPSENSSANASIGSTQSTPTSSMA","PF00100"
">C0H9B6|reviewed|Zona pellucida-like domain-containing protein 1|taxID:8030
MEQICLIILLISKALSVGAQFNGYNCDANFHSRFPAERDISVYCGVQTITLKINFCPVLFSGYTDTDLALNGRHGDAHCR
GFINNNTFPTVVLFSISLATLETCGNALVVSTAQGPNAYGNLSLVQIGNISGYIDTPDPPTIISYLPGLLYKFSCSYPLE
YLVNNTQLASSAAAISVKDSNGTFVSTLSLLLYNDSSYVQQLSIPMAGLTLKTRVFAAVKATNLDRRWNVLMDYCYTTAS
GNPNDELRYDLFFSCDKDPQTTVFENGKSQMGRFAFEVFRFVKHKNQKMSTVFLHCVTKLCRADDCPMLMPICGSRKKRD
VSERTESNSASGNAIITAGPIITRSDDTPMNNSQLAQLNSPVFRMNTVTSALISGIIILGVMSLCFFILSLTLLKGKRAP
PTILSGARNPAFN","PF00100"
">A0M8S1|reviewed|Protein Wnt-2|taxID:9555
MNAPLGGIWLWLPLLLTWLTPEVNSSWWYMRATGGSSRVMCDNVPGLVSSQRQLCHRHPDVMRAISQGVAEWTAECQHQF
RQHRWNCNTLDRDHSLFGRVLLRSSRESAFVYAISSAGVVFAITRACSQGEVKSCSCDPKKMGSAKDSKGIFDWGGCSDN
IDYGIKFARAFVDAKERKGKDARALMNLHNNRAGRKAVKRFLKQECKCHGVSGSCTLRTCWLAMADFRKTGDYLWRKYNG
AIQVVMNQDGTGFTVANERFKKPTKNDLVYFENSPDYCIRDREAGSLGTAGRVCNLTSRGMDSCEVMCCGRGYDTSHVTR
MTKCGCKFHWCCAVRCQDCLEALDVHTCKAPKNADWTTPT","PF00110"
">A0M8T2|reviewed|Protein Wnt-2|taxID:9685
MNAPLGGIWPWLPLLLTWLTPEVSSSWWYMRATGGSSRVMCDNVPGLVSRQRQLCHRHPDVMRAIGLGVAEWTAECQHQF
RQHRWNCNTLDRDHSLFGRVLLRSSRESAFVYAVSSAGVVFAITRACSQGELKSCSCDPKKKGTAKDSKGNFDWGGCSDN
IDYGIKFARAFVDAKERKGKDARALMNLHNNRAGRKAVKRFLKQECKCHGVSGSCTLRTCWLAMADFRKTGDYLWRKYNG
AIQVVMNQDGTGFTVANKRFKKPTKNDLVYFENSPDYCIRDRDAGSLGTAGRVCNLTSRGMDSCEVMCCGRGYDTSHVTR
MTKCECKFHWCCAVRCQDCLEALDVHTCKAPKSVDWAAPT","PF00110"
">C0HJJ2|reviewed|Glucagon-4|taxID:55293
HSQGMFTNDYSKYLEEKSAKEFVEWLKNGKS","PF00123"
">C0HJJ3|reviewed|Glucagon-1|taxID:55293
HSQGMFTNDYSKYLEEKRAKEFVEWLKNGESKRQGMS","PF00123"
