Sequence_Name, Species, Alignment
DRD2, BOVIN, GNVLVCMAV..SREKA....LQT.TTNYLIVSLAVADLLVAT......LVMP.WVV.......YLE.VVGEWKF...SRIH..CDIFVTLDVMMCTASILNLCAISIDRYTAVAMPMLYNTRYSSKRR..VTVMIAIVWVLSFTISCPMLFGLNN.....TDQNE...........CIIANPA.............FVVYSSIVSFYV.PFIVTLLVYIKIYIVLRRRRKRVNT.KRSSRAFRA.................NLKAPLKGNCTHPEDMKLCTVIMKSNGSFPVNRRRVEAARRAQELEMEMLSSTSPPERTRYSPIPPSHHQL...........................................................................................................................................................................................TLPDPSHHGLHSTPDSPAKPEKNGHAKTVNPKIAKIFEIQSMPNGKTRTSLKTMSRRKLSQQK...................................................E.....KKATQ...MLAIVLGVFII...CWLPFFITHILNIH........CDCNIPPVLY..SAFT....WLGYVNSAVNPIIY
5HT1A, HUMAN, GNACVVAAI..ALERS....LQN.VANYLIGSLAVTDLMVSV......LVLPMAAL.......YQV..LNKWTL...GQVT..CDLFIALDVLCCTSSILHLCAIALDRYWAITDPIDYVNKRT.PRR..AAALISLTWLIGFLISIPPM.LGWR.....TPEDRS......DPDACTISKDH............GYTIYSTFGAFYI.PLLLMLVLYGRIFRAARFRIRKTVKKVEKTGADTRHGASP.......APQPKKSVNGESGSRNWRLGVESKAGGALCANGAVRQGDDGAALEVIEVHRVG.........................................................................................................................................................................................................................................NSKEHLPLPSEAGPTPCAPASFERKNERNAEAKRKMALAR...................................................E.....RKTVK...TLGIIMGTFIL...CWLPFFIVALVLPF..........CESSCHMP..TLLGAIINWLGYSNSLLNPVIY
5HT1B, HUMAN, SNAFVIATV..YRTRK....LHT.PANYLIASLAVTDLLVSI......LVMPISTM.......YTV..TGRWTL...GQVV..CDFWLSSDITCCTASILHLCVIALDRYWAITDAVEYSAKRT.PKR..AAVMIALVWVFSISISLPPFFWRQA.....KAEEE........VSECVVNTDH...........ILYTVYSTVGAFYF.PTLLLIALYGRIYVEARSRILKQTPNRTGKRLTRAQLITDSPGSTSSVTSINSRVPDVPSESGSPVYVNQVKVR............................................................................................................................................................................................................................................................................................VSDALLEKKKLMAAR...................................................E.....RKATK...TLGIILGAFIV...CWLPFFIISLVMPI..........CKDACWFH..LAIFDFFTWLGYLNSLINPIIY
5HT5A, MOUSE, WNLLVLATI..LKVRT....FHR.VPHNLVASMAISDVLVAV......LVMPLSLV.......HEL.SGRRWQL...GRRL..CQLWIACDVLCCTASIWNVTAIALDRYWSITRHLEYTLRTR.KRV..SNVMILLTWALSTVISLAPLLFGWG.ETYSEPSEE...........CQVSREP............SYTVFSTVGAFYL.PLCVVLFVYWKIYRAAKFRMGSRKTNSVS...................................PVPEAVEVKNATQHPQM..............................................................................................................................................................................................................................................................................VFTVRHATVTFQTEGDTWREQK...................................................E.....QRAAL...MVGILIGVFVL...CWFPFFVTELISPL............CSWDVP..AIWKSIFLWLGYSNSFFNPLIY
5HT7R, HUMAN, GNCLVVISV..CFVKK....LRQ.PSNYLIVSLALADLSVAV......AVMPFVSV.......TDL.IGGKWIF...GHFF..CNVFIAMDVMCCTASIMTLCVISIDRYLGITRPLTYPVRQN.GKC..MAKMILSVWLLSASITLPPL.FGWA.QN..VNDDK..........VCLISQDF............GYTIYSTAVAFYI.PMSVMLFMYYQIYKAARKSAAKHK...................................FPGFPRVEPDSVIALNGIVKLQKE...........................................................................................................................................................................................................................................................................VEECANLSRLLKHERKNISIFKR...................................................E.....QKAAT...TLGIIVGAFTV...CWLPFFLLSTARPF........ICGTSCSCIP..LWVERTFLWLGYANSLINPFIY
5HT1R, DROME, GNVLVCIAV..CMVRK....LRR.PCNYLLVSLALSDLCVAL......LVMPMALL.......YEV..LEKWNF...GPLL..CDIWVSFDVLCCTASILNLCAISVDRYLAITKPLEYGVKRT.PRR..MMLCVGIVWLAAACISLPPLLILGN.EH..EDEEG........QPICTVCQNF............AYQIYATLGSFYI.PLSVMLFVYYQIFRAARRIVLEEKRAQTHLQQA.....................LNGTGSPSAPQAPPLGHTELASSGNGQRHSSVGNTSLTYSTCGG.............................................................................................................................................................................................................................................LSSGGGALAGHGSGGGVSGSTGLLGSPHHKKLRFQLAK...................................................E.....KKAST...TLGIIMSAFTV...CWLPFFILALIRPF............ETMHVP..ASLSSLFLWLGYANSLLNPIIY
DRD1, HUMAN, GNTLVCAAV..IRFRH....LRSKVTNFFVISLAVSDLLVAV......LVMPWKAV.......AEI..AGFWPF...GS.F..CNIWVAFDIMCSTASILNLCVISVDRYWAISSPFRYERKMT.PKA..AFILISVAWTLSVLISFIPVQLSWHKAKPTSPSDGNATSLAETIDNCDSSLSR............TYAISSSVISFYI.PVAIMIVTYTRIYRIAQKQIRRIAALERAA...........................VHAKNCQTTTGNGKPVE.............................................................................................................................................................................................................................................................................................CSQPESSFKMSFKR...................................................E.....TKVLK...TLSVIMGVFVC...CWLPFFILNCILPFCGS.GETQPFCIDSNTFD..VFV.....WFGWANSSLNPIIY
5HT6R, RAT, ANSLLIVLI..CTQPA....LRN.TSNFFLVSLFTSDLMVGL......VVMPPAML.......NAL.Y.GRWVL...ARGL..CLLWTAFDVMCCSASILNLCLISLDRYLLILSPLRYKLRMT.APR..ALALILGAWSLAALASFLPLLLGWH.ELGKARTPA........PGQCRLLASL............PFVLVASGVTFFL.PSGAICFTYCRILLAARKQAVQVASLTTGTAGQA....................LETLQVPRTPRPGMES.....................................................................................................................................................................................................................................................................................................ADSRRLATKH...................................................S.....RKALKASLTLGILLGMFFV...TWLPFFVANIAQAV........CDCISPGLFD..VLT.....WLGYCNSTMNPIIY
ADRB1, HUMAN, GNVLVIVAI..AKTPR....LQT.LTNLFIMSLASADLVMGL......LVVPFGAT.......IVV..WGRWEY...GSFF..CELWTSVDVLCVTASIETLCVIALDRYLAITSPFRYQSLLT.RAR..ARGLVCTVWAISALVSFLPILMHWW.....RAESDEARRCYNDPKCCDFVTNR............AYAIASSVVSFYV.PLCIMAFVYLRVFREAQKQVKKIDSCERRF...........................LGGP.ARPPSPSPSPVPAPAPPPGPPRP......................................................................................................................................................................................................................................................................AAAAATAPLANGRAGKRRPSRLVALR...................................................E.....QKALK...TLGIIMGVFTL...CWLPFFLANVVKAF............HRELVP..DRLFVFFNWLGYANSAFNPIIY
HRH2, CANLF, GNVVVCLAV..GLNRR....LRS.LTNCFIVSLAITDLLLGL......LVLPFSAF.......YQL.S.CRWSF...GKVF..CNIYTSLDVMLCTASILNLFMISLDRYCAVTDPLRYPVLIT.PVR..VAVSLVLIWVISITLSFLSIHLGWN.SRNETSSFNH......TIPKCKVQVNL............VYGLVDGLVTFYL.PLLVMCITYYRIFKIARDQAKRIHH..................................MGSWKA...............................................................................................................................................................................................................................................................................................................ATIGE.........................................................HKATV...TLAAVMGAFII...CWFPYFTVFVYRGL...........KGDDAIN..EAFEAVVLWLGYANSALNPILY
ADA1D, HUMAN,GNLLVILSV..ACNRH....LQT.VTNYFIVNLAVADLLLSA......TVLPFSAT.......MEV..LGFWAF...GRAF..CDVWAAVDVLCCTASILSLCTISVDRYVGVRHSLKYPAIMT.ERK..AAAILALLWVVALVVSVGPL.LGWK.....EPVPP.......DERFCGITEEA............GYAVFSSVCSFYL.PMAVIVVMYCRVYVVARSTTRSLEAGVKRERGKAS.................EVVLRIHCRGAATGADGAHGMRSAK.......................................................................................................................................................................................................................................................................................GHTFRSSLSVRLLKFSR...................................................E.....KKAAK...TLAIVVGVFVL...CWFPFFFVLPLGSL.......FPQLKPSEGVF..KVIF....WLGYFNSCVNPLIY
ACM1, HUMAN, GNLLVLISF..KVNTE....LKT.VNNYFLLSLACADLIIGT......FSMNLYTT.......YLL.M.GHWAL...GTLA..CDLWLALDYVASNASVMNLLLISFDRYFSVTRPLSYRAKRT.PRR..AALMIGLAWLVSFVLWAPAILF.WQ.YL..VGERTVL....AGQ..CYIQFLS..........QPIITFGTAMAAFYL.PVTVMCTLYWRIYRETENRARELAALQGSETPGKGGGSSS........SSERSQPGAEGSPETPPGRCCRCCRAPRLLQAYSWKEEEEEDEGSMESLTSSEGEEPGSEVVIKMP.............................................................................................................................................................................................................MVDPEAQAPTKQPPRSSPNTVKRPTKKGRDRAGKGQKPRGKEQLAKRKTFSLVK...................................................E.....KKAAR...TLSAILLAFIL...TWTPYNIMVLVSTF.......CKDCVPETLWE..LGY.....WLCYVNSTINPMCY
A0A2H2ILN3, CAEJA, GNLMVFYVI..LTKKS....LQT.STNRLVLSLTISDLLLGI......LILPFAII.......QEH.T.NEWLF...GHVG..CRLWLSVDVFLSTASIYNLLAISFDR..................V..VRLMTFLVWFCSLLLAVVLFVLETV.....NAQDTM......PTKDCQPTTLP...........SMYIIFSAVASFIA.PAFVMVILNARIFQTVLHTSRTMTVKSKNGSLRVHRRKDPIIPVKKLEKYESRMSQEEEGVGTPPKDKKLSDPVPVLVVESHKNSMDAPAIRTFLTHTVVFGVLEAKKTNIINHITHQIYRILKNNRDDDGVVHRQSPGRPRTTSRAMDRNILRACREDPRRTSTDNPVSVTSPNEPVPSRRTIRRRLQVAGLHGRRPVKKPLVSLKNRTARVEWAKQHLSWGPREWANHIWSDESKFNLFGTDGIQWIRRPIGSRYAPQYQCPTVKHEGGSVMVWGCFPDTSMGPLKRIVGTMGRYVYEDILENTMRLWARANLGRSWVFQQDNDPKHTSGHVANWFRRRRVDLLGWPSQSPDLNPIEQMWEELERRLKGVRASNANQKFAQLEAAWKSIPMTVVQTLLDSMPRRCQAVIDAKGYPTKKKVMRRSLRTEMRVAR...TTGIVVAAFIV...CWIPFTTIYVLQAY.......SVCTVAAGCIP..TSLFTIAFWLGYSNSAVNPILY
5HT2A, HUMAN, GNILVIMAV..SLEKK....LQN.ATNYFLMSLAIADMLLGF......LVMPVSML.......TIL.YGYRWPL...PSKL..CAVWIYLDVLFSTASIMHLCAISLDRYVAIQNPIHHSRFNS.RTK..AFLKIIAVWTISVGISMPIPVFGLQ.DDSKVFKEG..........SCLLADDN.............FVLIGSFVSFFI.PLTIMVITYFLTIKSLQKEATLCVSD...LGTR.....................AKLASFSFLPQSSLSSEKLFQRSI.....................................................................................................................................................................................................................................................................................HREPGSYTGRRTMQSISN...................................................E.....QKACK...VLGIVFFLFVV...MWCPFFITNIMAVI..........CKESCNEDVIGALLNVFVWIGYLSSAVNPLVY
AA1R, BOVIN, GNVLVIWAV..KVNQA....LRD.ATFCFIVSLAVADVAVGA......LVIPLAIL.......INIGPRTYFHT.........CLKVACPVLILTQSSILALLAIAVDRYLRVKIPLRYKTVVT.PRR..AVVAITGCWILSFVVGLTPM.FGWNNLSAVERDWLANGSVGEPVIECQFEKVI..........SMEYMVYFNFFVWVLPPLLLMVLIYMEVFYLIRKQLNKKVSA.................................SSGDPQ...............................................................................................................................................................................................................................................................................................................KYYGK...................................................E.....LKIAK...SLALILFLFAL...SWLPLHILNCITLF...........CPSCHMP..RILIYIAIFLSHGNSAMNPIVY
UL33, HCMVM, NAIVLITQL..LTNRV....LGYSTPTIYMTNLYSTNFLT.L......TVLPFIV............LSNQWLL...PASVASCKFLSVIYYSSCTVGFATVALIAADRYR.VLHKRTYARQS..YRS..TYIILLLTWFAGLIFSMPAAVYTTVVIHNGTNGQSS.....NGHATCVLYFIADEVYTVLLSWKVLLTLVWGAA.....PVIMMTWFYAFFYSTVQRASQKQRS......................................................................................................................................................................................................................................................................................................................................................................................................................RTLT...FVSVLLISFVA...LQTPYVSIMIFNSYAT..AAWPMDCEHLTLRR..TIGTLSR.LVPHLHCLINPILY
OPSB, HUMAN, LNAMVLVAT..LRYKK....LRQ.PLNYILVNVSFGGFLLCI......FSVFPVFV.......ASC..NGYFVF...GRHV..CALEGFLGTVAGLVTGWSLAFLAFERYIVICKPFGNFRFSS..KH..ALTVVLATWTIGIGVSIPPF.FGWS.RF..IPEGL........QCSCGPDWYTVG....TKYRSESYTWFLFIFCFIV.PLSLICFSYTQLLRALKAVAAQQQE..................................SATTQK...................................................................................................................................................................................................................................................................................................................A...................................................E.....REVSR...MVVVMVGSFCV...CYVPYAAFAMYMVN...........NRNHGLD..LRLVTIPSFFSKSACIYNPIIY
OPS3, DROME, GNGLVIWVF..SAAKS....LRT.PSNILVINLAFCDFMM.M......VKTPIFI........YNS.FHQGYAL...GHLG..CQIFGIIGSYTGIAAGATNAFIAYDRFNVITRPMEGKM..T.HGK..AIAMIIFIYMYATPWVVACYTETWG.RF..VPEGY........LTSCTFDYLTD......NFDTRLFVACIFFFSFVC.PTTMITYYYSQIVGHVFSHEKALRDQAKKM.............................NVESLR...............................................................................................................................................................................................................................................................................................................SNVDK...................................................NKETAEIRIAK...AAITICFLFFC...SWTPYGVMSLIGAF...........GDKTLLT..PGATMIPACACKMVACIDPFVY
OPS1, DROME, GNGVVIYIF..ATTKS....LRT.PANLLVINLAISDFGIMI......TNTPMMGI........NL.YFETWVL...GPMM..CDIYAGLGSAFGCSSIWSMCMISLDRYQVIVKGMAGRPMT..IPL..ALGKIAYIWFMSSIWCLAPA.FGWS.RY..VPEGN........LTSCGIDYLER......DWNPRSYLIFYSIFVYYI.PLFLICYSYWFIIAAVSAHEKAMREQAKKM.............................NVKSLR...............................................................................................................................................................................................................................................................................................................SSEDA...................................................EKS.AEGKLAK...VALVTITLWFM...AWTPYLVINCMGLF............KFEGLT..PLNTIWGACFAKSAACYNPIVY
TRFR, HUMAN, GNIMVVLVV..MRTKH....MRT.PTNCYLVSLAVADLMV.L......VAAGLPNI.......TDS.IYGSWVY...GYVG..CLCITYLQYLGINASSCSITAFTIERYIAICHPIKAQFLCT.FSR..AKKIIIFVWAFTSLYCMLWFFLLDL.NISTYKDAI........VISCGYKISR.........NYYSPIYLMDFGVFYVVPMILATVLYGFIARILFLNPIPSDPKE................................NSKTWKNDSTHQNTNL...........................................................................................................................................................................................................................................................................................NVNTSNRCFNSTVSS...................................................R.....KQVTK...MLAVVVILFAL...LWMPYRTLVVVNSF...........LSSPFQE..NWFLLFCRICIYLNSAINPVIY
NTR1, HUMAN, GNTVTAFTL..ARKKSL.QSLQS.TVHYHLGSLALSDLLTLL......LAMPVELY.......NFIWVHHPWAF...GDAG..CRGYYFLRDACTYATALNVASLSVERYLAICHPFKAKTLMS.RSR..TKKFISAIWLASALLAVPMLFTMGE.QNRSADGQHA......GGLVCTPTIHT........ATVKVVIQVNTFMSFIF.PMVVISVLNTIIANKLTVMVRQAAEQGQVCT.........................VGGEHSTFS...............................................................................................................................................................................................................................................................................................................MAIEP...................................................GRVQALRHGVR...VLRAVVIAFVV...CWLPYHVRRLMFCYIS...DEQWTPFLYDFYH..YFYMVTN.ALFYVSSTINPILY
V2R, HUMAN, SNGLVLAAL.ARRGRR....GHWAPIHVFIGHLCLADLAVAL......FQVLPQLA.......WKA..TDRFRG...PDAL..CRAVKYLQMVGMYASSYMILAMTLDRHRAICRPMLAYRHGS.GAH..WNRPVLVAWAFSLLLSLPQLFIFAQ.RN..VEGGS.......GVTDCWACFAEP.......WGRRTYVTWIALMVFVA.PTLGIAACQVLIFREIHASLVPGPSERPGGR..........................RRGRRTGS...............................................................................................................................................................................................................................................................................................................PGEGA...................................................HVSAAVAKTVR...MTLVIVVVYVL...CWAPFFLVQLWAAW...........DPEAPLE..GAPFVLLMLLASLNSCTNPWIY
FSHR, BOVIN, GNILVLVIL..ITSQY....KLT.VPRFLMCNLAFADLCIGI......YLLLIASVDVHTKTEYHN.YAIDWQT...GAG...CDAAGFFTVFASELSVYTLTAITLERWHTITHAMQLECKVQ.LRH..AASIMLVGWIFAFAVALFPIFGISS.YM......K........VSICLPMDID.........SPLSQLYVMSLLVLNVLAFVVICGCYTHIYLTVRNPNITSSS...........................................................................................................................................................................................................................................................................................................................................................S...................................................D.....TKIAK...RMAMLIFTDFL...CMAPISFFAISASL...........KVPLITV..SKSKILLVLFYPINSCANPFLY
NPY1R, HUMAN, GNLALIIII..LKQKE....MRN.VTNILIVNLSFSDLLVAI......MCLPFTFV.......YTL..MDHWVF...GEAM..CKLNPFVQCVSITVSIFSLVLIAVERHQLIINPRGWRPN...NRH..AYVGIAVIWVLAVASSLPFLIYQVM.TD..EPFQNVTLDAYKDKYVCFDQFPSD.......SHRLSYTTLLLVLQYFG.PLCFIFICYFKIYIRLKRRNNMMDKMRDNK.............................YRSSET.............................................................................................................................................................................................................................................................................................................................................................................KRINI...MLLSIVVAFAV...CWLPLTIFNTVFDW.......NHQIIATCNHN..LLFLLCH.LTAMISTCVNPIFY
TLR1, DROME, GNGIVLWIV..TGHRS....MRT.VTNYFLLNLSIADLLMSS......LNCVFNFI.......FML..NSDWPF...GSIY..CTINNFVANVTVSTSVFTLVAISFDRYIAIVHPLKRRTS...RRK..VRIILVLIWALSCVLSAPCLLYSSIMTKHYYNGKS........RTVCFMMWPDGRY..PTSMADYAYNLIILVLTYGI.PMIVMLICYSLMGRVLWGSRSIGEN...................................TDRQM...............................................................................................................................................................................................................................................................................................................ESMKS...................................................K.....RKVVR...MFIAIVSIFAI...CWLPYHLFFIYAYH.......NNQVASTKYVQ..HMYLGFY.WLAMSNAMVNPLIY
NK1R, CAVPO, GNVVVMWII..LAHKR....MRT.VTNYFLVNLAFAEASMAA......FNTVVNFT.......YAV..HNEWYY...GLFY..CKFHNFFPIAAVFASIYSMTAVAFDRYMAIIHPLQPRLSAT.ATK....VVICVIWVLALLLAFPQGYYSTT.ET..MPGRV..........VCMIEWPSHP....DKIYEKVYHICVTVLIYFL.PLLVIGYAYTVVGITLWASEIPGDS...................................SDRYH...............................................................................................................................................................................................................................................................................................................EQVSA...................................................K.....RKVVK...MMIVVVCTFAI...CWLPFHIFFLLPYI.......NPDLYLKKFIQ..QVYLAIM.WLAMSSTMYNPIIY
RYAR, DROME, GNGTVCYIV..YSTPR....MRT.VTNYFIASLAIGDILMSF......FCVPSSFI.......SLF.ILNYWPF...GLAL..CHFVNYSQAVSVLVSAYTLVAISIDRYIAIMWPLKPRIT...KRY..ATFIIAGVWFIALATALPIPIVSGL.DIPMSPWHTK.....CEKYICREMWPSR.......TQEYYYTLSLFALQFVV.PLGVLIFTYARITIRVWAKRPPGEA..................................ETNRDQ...............................................................................................................................................................................................................................................................................................................RMARS...................................................K.....RKMVK...MMLTVVIVFTC...CWLPFNILQLLLND........EEFAHWDPLP..YVWFAFH.WLAMSHCCYNPIIY
GPR83, MOUSE, GNVLVCHVI..FKNQR....MHS.ATSLFIVNLAVADIMITL......LNTPFTLV.......RFV..NSTWVF...GKGM..CHVSRFAQYCSLHVSALTLTAIAVDRHQVIMHPLKPRISIT...K..GVIYIAVIWVMATFFSLPHAICQKL.FT..FKYSED.....IVRSLCLPDFPEPA.....DLFWKYLDLATFILLYLL.PLFIISVAYARVAKKLWLCNTIGDV..................................TTEQYL...............................................................................................................................................................................................................................................................................................................ALRRK...................................................K.....KTTVK...MLVLVVVLFAL...CWFPLNCYVLLLSS..............KAIHTNNALYFAFHWFAMSSTCYNPFIY
BRS3, CAVPO, GNAILIKVF..FKTKS....MQT.VPNIFITSLALGDLLLLL......TCVPVDAT.......HYL..AEGWLF...GRIG..CKVLSFIRLTSVGVSVFTLTILSADRYKAVVKPLERQPSNA.ILK..TCAKAGCIWIMSMIFALPEAIFSNV.HTLRDPNKNM......TSEWCAF.YPVSE.....KLLQEIHALLSFLVFYII.PLSIISVYYSLIARTLYKSTLNIPT..................................EEQSHA...............................................................................................................................................................................................................................................................................................................RKQVE..................................................SR.....KRIAK...TVLVLVALFAL...CWLPNHLLNLYHSF......THKAYEDSSAIH..FIVTIFSRVLAFSNSCVNPFAL
CCKAR, HUMAN, GNTLVITVL..IRNKR....MRT.VTNIFLLSLAVSDLMLCL......FCMPFNLI.......PNL..LKDFIF...GSAV..CKTTTYFMGTSVSVSTFNLVAISLERYGAICKPLQSRVWQT.KSH..ALKVIAATWCLSFTIMTPYPIYSNL.VPFTKNNNQ.......TANMCRFLLPND.......VMQQSWHTFLLLILFLI.PGIVMMVAYGLISLELYQGIKFEASQKKSAKERKPSTTSSGKYEDSDGCYLQKTRPPRKLELRQLSTGSSSRA...............................................................................................................................................................................................................................................................................................NRIRSNSSA.......................................................ANLMAKKRVIR...MLIVIVVLFFL...CWMPIFSANAWRAY.......DTASAERRLSG..TPISFIL.LLSYTSSCVNPIIY
SSR1, HUMAN, GNSMVIYVI..LRYAK....MKT.ATNIYILNLAIADELL.M......LSVPFLVT.......STL..LRHWPF...GALL..CRLVLSVDAVNMFTSIYCLTVLSVDRYVAVVHPIKAARYRR.PTV..AKVVNLGVWVLSLLVILPIVVFSRT.....AANSD.......GTVACNMLMPEPA.....QRWLVGFVLYTFLMGFLL.PVGAICLCYVLIIAKMRMVALKAGW..................................QQRKR....................................................................................................................................................................................................................................................................................................................S...................................................E.....RKITL...MVMMVVMVFVI...CWMPFYVVQLVNVF..........AEQDDATV..SQLSV...ILGYANSCANPILY
OPRD, MOUSE, GNVLVMFGI..VRYTK....LKT.ATNIYIFNLALADALATS.......TLPFQSA.......KYL..METWPF...GELL..CKAVLSIDYYNMFTSIFTLTMMSVDRYIAVCHPVKALDFRT.PAK..AKLINICIWVLASGVGVPIMVMAVT.....QPRDG........AVVCMLQFPSPS.....WYWDTVTKICVFLFAFVV.PILIITVCYGLMLLRLRSVRLLSGS..................................KEKDR....................................................................................................................................................................................................................................................................................................................S...................................................L.....RRITR...MVLVVVGAFVV...CWAPIHIFVIVWTL.......VDINRRDPLVV..AALHLCI.ALGYANSSLNPVLY
C5AR1, CANLF, GNFLVVWVT..GFEVR.....RT.INAIWFLNLAVADLLS.C......LALPILFS.......SIV.QQGYWPF...GNAA..CRILPSLILLNMYASILLLTTISADRFVLVFNPIWCQNYRG.PQL..AWAACSVAWAVALLLTVPSFIFRGV.HTEYFPFWM..........TCGVDYSGVG.....VLVERGVAILRLLMGFLG.PLVILSICYTFLLIRTWSRKATRST......................................................................................................................................................................................................................................................................................................................................................................................................................KTLK...VVVAVVVSFFV...LWLPYQVTGMMMAL......FYKHSESFRRVS..RLDSLCV.AVAYINCCINPIIY
CCR1, HUMAN, GNILVVLVL..VQYKR....LKN.MTSIYLLNLAISDLLF.L......FTLPFWID.......YKL..KDDWVF...GDAM..CKILSGFYYTGLYSEIFFIILLTIDRYLAIVHAVFALRART.VTF..GVITSIIIWALAILASMPGLYFSKT.....QWEFT........HHTCSLHFPHES....LREWKLFQALKLNLFGLVL.PLLVMIICYTGIIKILLRRPNEKKS......................................................................................................................................................................................................................................................................................................................................................................................................................KAVR...LIFVIMIIFFL...FWTPYNLTILISVFQD..FLFTHECEQSRHLD..LAVQVTE.VIAYTHCCVNPVIY
CX3C1, RAT, GNLLVVLAL..TNSRK....SKS.ITDIYLLNLALSDLLF.V......ATLPFWTH.......YLI...SHEGL...HNAM..CKLTTAFFFIGFFGGIFFITVISIDRYLAIVLAANSMNNRT.VQH..GVTISLGVWAAAILVASPQFMFTKR.K......DN..........ECLGDYPEVL....QEIWPVLRNSEVNILGFVL.PLLIMSFCYFRIVRTLFSCKNRKKA......................................................................................................................................................................................................................................................................................................................................................................................................................RAIR...LILLVVVVFFL...FWTPYNIVIFLETLKF..YNFFPSCGMKRDLR..WALSVTE.TVAFSHCCLNPFIY
US27, HCMVM, .NMLVITTI..LYYRR....KKKSPSDTYICNLAVADLLI.V......VGLPFFLE.......YAK.HHPKLS....REVV..CSGLNACFYICLFAGVCFLINLSMDRYCVIVWGVELNRVRN.NKR..ATCWVVIFWILAALMGMPHYLMYSH.T......NN..........ECVGEFANET....SGWFPVFLNTKVNICGYLA.PIVLMAYTYNRMVRFIINYVGKWHM......................................................................................................................................................................................................................................................................................................................................................................................................................QTLH...VLLVVVVSFAS...FWFPFNLALFLESIRL..LSGTQNETLQTVIT..FCLYVGQ.FLAYVRACLNPGIY
US28, HCMVM, GNFLVIFTI..TWRRR....IQC.SGDVYFINLAAADLLF.V......CTLPLWMQ.......YLL...DHNSL...ASVP..CTLLTACFYVAMFASLCFITEIALDRYYAIVY.MRYRPVKQ......ACLFSIFWWIFAVIIAIPHFMVVTK.K......DN..........QCMTDYDYLE.....VSYPIILNVELMLGAFVI.PLSVISYCYYRISRIVAVSQSRHKG......................................................................................................................................................................................................................................................................................................................................................................................................................RIVR...VLIAVVLVFII...FWLPYHLTLFVDTLKLL.KWISSSCEFERSLK..RALILTE.SLAFCHCCLNPLLY
CXCR1, HUMAN, GNSLVMLVI..LYSRV....GRS.VTDVYLLNLALADLLF.A......LTLPIWAA.......SKV...NGWIF...GTFL..CKVVSLLKEVNFYSGILLLACISVDRYLAIVHATRTLTQK..RHL..VKFVCLGCWGLSMNLSLPFFLFRQA..Y..HPNNS........SPVCYEVLGNDT.....AKWRMVLRILPHTFGFIV.PLFVMLFCYGFTLRTLFKAHMGQKH......................................................................................................................................................................................................................................................................................................................................................................................................................RAMR...VIFAVVLIFLL...CWLPYNLVLLADTLMRT.QVIQESCERRNNIG..RALDATE.ILGFLHSCLNPIIY
ACKR4, BOVIN, GNSTVVAIY..AYYKK....RRT.KTDVYILNLAVADLFL.L......FTLPFWAV.......NAV...HGWVL...GKIM..CKVTSALYTVNFVSGMQFLACISTDRYWAVTKAPSQSGVGK.P....CWVICFCVWVAAILLSIPQLVFYTV.NH..KA.............RCVPIFPYHL....GTSMKASIQILEICIGFII.PFLIMAVCYFITAKTLIKMPNIKKS......................................................................................................................................................................................................................................................................................................................................................................................................................QPLK...VLFTVVIVFIV...TQLPYNIVKFCQAIDII.YSLITDCDMSKRMD..VAIQITE.SIALFHSCLNPVLY

















